Aasta;Tiitel;Kasutaja;Teema;
2015;Kasutaja;Adamsont;Nixie toru;
2015;Kasutaja;Chrloob;Arvutinägemine;
2015;Kasutaja;Ehürges;Microsoft Edge;
2015;Kasutaja;Jmerisalu;Mõõtemääramatus;
2015;Kasutaja;JohVainikko;Laserskanner;
2015;Kasutaja;K.samuel;Roboti lokaliseerimine;
2015;Kasutaja;KarlAllik;RoHS direktiiv;
2015;Kasutaja;Lvalgma;Diffie-Hellman;
2015;Kasutaja;MarMartis;Inimeste jalatallas tekitatud rõhu mõõtesüsteem;
2015;Kasutaja;MargoM;IMAP;
2015;Kasutaja;R1stoR;liivakast;
2015;Kasutaja;Ragnarma;H-sild;
2015;Kasutaja;Ragnarma;Harjasvaba alalisvoolumootor;
2015;Kasutaja;SKuusemets;Linux;
2015;Kasutaja;SvenBogdanov;Andmesidesiin;
2015;Kasutaja;Zimzu;SuperH;
2015;Kasutaja;Agrete;Võõr-kõverharjak;
2015;Kasutaja;Birgitsaare;ACE geen ja sporditulemused;
2015;Kasutaja;Bkalgan;metskunel;
2015;Kasutaja;Ceccill;etoloogia;
2015;Kasutaja;Eainelo;Metaani oksüdeerivad bakterid;
2015;Kasutaja;HannaAntson;Kaasasündinud südamedefektid;
2015;Kasutaja;JKPedor;Koekiip;
2015;Kasutaja;KKarsna;Niidukoosluse taastamine;
2015;Kasutaja;KSatsi;Parvoviirus;
2015;Kasutaja;KStseglova;Trichomonas gallinae;
2015;Kasutaja;Ktihkan;Veemardikad;
2015;Kasutaja;Ktihkan;Veemardikate funktsionaalsed rühmad;
2015;Kasutaja;Kvaikull;Juhuleiud;
2015;Kasutaja;LAkirs;ürasklased;
2015;Kasutaja;Lots94;Kortikosteroon;
2015;Kasutaja;Lsinkejeva;Antropotseen;
2015;Kasutaja;MLaissaar;Metsade fragmenteerumine;
2015;Kasutaja;MPaern;Nahkhiirlased;
2015;Kasutaja;Meverk;Harilik sinikiil;
2015;Kasutaja;Mluuk;Randal;
2015;Kasutaja;Oarg;Glutatioon;
2015;Kasutaja;RLuik;Liigilise mitmekesisuse laiuskraadiline gradient;
2015;Kasutaja;R kaiv;BLAST;
2015;Kasutaja;Wluik;Vangistus(loomad);
2015;Kasutaja;Aaasmaa;Voronoi diagramm;
2015;Kasutaja;Aarerobert;KineetilineMonteCarlo;
2015;Kasutaja;Aleksander Koljazin;Radiograafia;
2015;Kasutaja;Gküppas;Abell 3827;
2015;Kasutaja;GutnarLeede;Analüütiline mehaanika;
2015;Kasutaja;Martin Kortspärn;Neeldumine;
2015;Kasutaja;Mhorn11;Sümbol;
2015;Kasutaja;Mliivak;Kilogramm;
2015;Kasutaja;Mooritsmihkel;Universum;
2015;Kasutaja;Oaava;Kosmiline tolm;
2015;Kasutaja;Rkulashenkov;Meditsiiniline pildistamine.;
2015;Kasutaja;Ruusr;Teleparalleelne gravitatsioon;
2015;Kasutaja;Vippv;Fourier' rida;
2015;Kasutaja;ANoorem;Tsütopaatiline efekt;
2015;Kasutaja;A H Laarmann;Hedgehog signaalirada;
2015;Kasutaja;Arikken;Kasvuhormoon;
2015;Kasutaja;Asmertina;SNPde annotatsioon;
2015;Kasutaja;EHErvin;Proteiinkinaas B;
2015;Kasutaja;EMOja;Ric-8;
2015;Kasutaja;ERAntson;Priionid;
2015;Kasutaja;GSalnikov;Imputeerimine;
2015;Kasutaja;Gagur94;Kloneerimisvektor;
2015;Kasutaja;JLuige;RNA polümeraas;
2015;Kasutaja;Johanakoppel;Lap-süsteem;
2015;Kasutaja;Jpaats;V-tüüpi ATPaasid;
2015;Kasutaja;KKpuss;Allosteeriline regulatsioon;
2015;Kasutaja;KUudeküll;OCT4 transkriptsioonifaktor;
2015;Kasutaja;Kadri.maal;Ogataea polymorpha;
2015;Kasutaja;Karinasiimberg;Ross River viirus;
2015;Kasutaja;Kjoandi;DNA tüpiseerimine;
2015;Kasutaja;Kjürgenstein;Vibur;
2015;Kasutaja;LMKimmel;Voogamine;
2015;Kasutaja;Lhaljasmägi;APECED;
2015;Kasutaja;MKaare;Adhesioonimolekulid;
2015;Kasutaja;MLeevik;Geeniteraapia;
2015;Kasutaja;MSarapuu;Mikrosatelliidid;
2015;Kasutaja;MTänava;Replisoom;
2015;Kasutaja;MirellJ;Telomeraas;
2015;Kasutaja;Mittkarl;Rinoviirus;
2015;Kasutaja;Mschamardin;Geeniregulatsioon;
2015;Kasutaja;RSchilf;Tsükliin;
2015;Kasutaja;Rahelp;Scavenger retseptorid;
2015;Kasutaja;Ranel.Tammela;Alfa heeliks;
2015;Kasutaja;Rgerda;DNA replikatsiooni initsiatsioon;
2015;Kasutaja;Rvetik;Fibroblast;
2015;Kasutaja;SSillamaa;ATPaasid;
2015;Kasutaja;TOjala;Mps1;
2015;Kasutaja;Usarsiret;Sindbis viirus;
2015;Kasutaja;APentjärv;RTK;
2015;Kasutaja;EIndres;Kasari jõgi;
2015;Kasutaja;Elinde00;Ajageograafia;
2015;Kasutaja;Elisabetkirsi;Geopark;
2015;Kasutaja;H.laius;rahvastikugeograafia;
2015;Kasutaja;HVirro;NAO indeks;
2015;Kasutaja;Jsapas;Valgevenelased;
2015;Kasutaja;KytasM2rt;Pedosfäär;
2015;Kasutaja;LKabonen;geoturundus;
2015;Kasutaja;MJMaidla;1939. aasta vallarevorm;
2015;Kasutaja;Marcuspuhke;Planeerimiskultuur;
2015;Kasutaja;MariSoe;Sotsiaalmajanduslik segregatsioon;
2015;Kasutaja;MeSoe;Biogeograafia;
2015;Kasutaja;Ovevers;Siseturism;
2015;Kasutaja;ROkas007;Hiidrahe;
2015;Kasutaja;Rasmus88;Linnaökoloogia;
2015;Kasutaja;TLaugesaar;Orienteerumiskaardistamine;
2015;Kasutaja;AKuningas;Liivakast;
2015;Kasutaja;Ingrid Pärn;Vundament;
2015;Kasutaja;Lkongas;Must liiv;
2015;Kasutaja;Mkartau;Eurüpteriidid;
2015;Kasutaja;V.Vinogradova;Puursüdamik;
2015;Kasutaja;ARyytel;Afiinsuskonstant;
2015;Kasutaja;Aabramov999;Fenibut;
2015;Kasutaja;Aleesment; Maatriks-assisteeritud laserdesorptsioon-ionisatsioon;
2015;Kasutaja;Apupart;Lantanoidid;
2015;Kasutaja;GPentsa;Modifitseeritud tärklis;
2015;Kasutaja;JRoosimaa;Dess-Martin periodiaan;
2015;Kasutaja;KKaare;Ftalotsüaniin;
2015;Kasutaja;M.tahk;Melanokortiin 4 retseptor;
2015;Kasutaja;MariSild;Orgaaniline keemia;
2015;Kasutaja;Mark.tarkanovski;Molekulaarjuhtivus;
2015;Kasutaja;Mteelahk;Proteiinkinaas A;
2015;Kasutaja;RPraats;Kütuseelementide vesinikuenergeetika;
2015;Kasutaja;Sniinepuu;kondensatsioonireaktsioon;
2015;Kasutaja;TõnisLaasfeld;Bakuloviirus;
2015;Kasutaja;Annikav;Päikesekiirgus;
2015;Kasutaja;ETaimsaare;Tegevusruum;
2015;Kasutaja;Hleis;Jätkusuutlik arhitektuur;
2015;Kasutaja;Kkill94;Avaveeline märgala;
2015;Kasutaja;Kkupits;Jõgeva reoveepuhasti;
2015;Kasutaja;Kkurg;Nitrifikatsioon;
2015;Kasutaja;Liselleluks;Denitrifikatsioon;
2015;Kasutaja;Markulel;Biometaan;
2015;Kasutaja;Mehoomatalo;DDT;
2015;Kasutaja;Mkaljuvee;Kasvuhooneefekt;
2015;Kasutaja;Rtapver;Radari peegelduvus;
2015;Kasutaja;TPalmre;Toidujäätmed;
2015;Kasutaja;Agneskuus;vaht;
2015;Kasutaja;Akossas;Molübdeen-disulfiid;
2015;Kasutaja;GeorgNiit; Süsiniknanotorude funktsionalisatsioon;
2015;Kasutaja;JLilloja;Isopropüülalkohol;
2015;Kasutaja;MVeinla;Gaasisensorid;
2015;Kasutaja;RKrautmann;Titaandioksiid;
2015;Kasutaja;Stemenaal;Gwyddion;
2015;Kasutaja;Stemenaal;Multitegumtöö;
2015;Kasutaja;Ttooming;Hüdrotermiline karboniseerimine;
2015;Kasutaja;HKaldmaa;Hakk;
2015;Kasutaja;IReinula;Maastikugeneetika;
2015;Kasutaja;Jkodar;Sitasitikas;
2015;Kasutaja;Jsikk;Fenotüübiline plastilisus;
2015;Kasutaja;KriKällo;Euroopa angerjas;
2015;Kasutaja;Kärtkalve;Lemmikloomade parasiidid;
2015;Kasutaja;Lsisask;Lihheniseerunud seente elurikkus;
2015;Kasutaja;MKose;Värdkoorik;
2015;Kasutaja;Mlmutso;põlismets;
2015;Kasutaja;PiiKoll;Liivaherilased;
2015;Kasutaja;Seebivesi;Tabulaadid;
2015;Kasutaja;Susvain;Grupivalik;
2015;Kasutaja;Tvaisanen;Kobras ökosüsteemi mõjutajana;
2015;Kasutaja;VeinbergH;Nandu;
2012;Kasutaja;A82818;Fotokordisti;
2012;Kasutaja;Alarku;Rõhuandur;
2012;Kasutaja;Alkimista;JTAG;
2012;Kasutaja;Andre147;Nuhkvara;
2012;Kasutaja;Ddimiq;Libvirt;
2012;Kasutaja;Elikar;AutoCAD;
2012;Kasutaja;Gr.dmitri;Biomeditsiinitehnika;
2012;Kasutaja;Igor vassilevski;Südamestimulaator;
2012;Kasutaja;Jaanus.kalde;Elektrimootor;
2012;Kasutaja;Jevgeni;Telemeditsiin;
2012;Kasutaja;Kivikas14;Päikeseelement;
2012;Kasutaja;Koitsum;VHDL;
2012;Kasutaja;Kristjank;BitTorrent;
2012;Kasutaja;Ldiesel;Solenoidkahur;
2012;Kasutaja;Martin89;ICMP;
2012;Kasutaja;Nurro2;FSR(Force Sensing Resistor);
2012;Kasutaja;Paarool;Lego Mindstorms;
2012;Kasutaja;RannoKena;SolidWorks;
2012;Kasutaja;Sandra629;M-JPEG;
2012;Kasutaja;Sannet;Trükkplaat;
2012;Kasutaja;TAnts;Verilog;
2012;Kasutaja;Taavitaavi;Pilvandmetöötlus;
2012;Kasutaja;Z3n;SPI;
2012;Kasutaja;Aavxoo;Väljasuremisvõlg;
2012;Kasutaja;AconitumAnthora;Mikroorganismid;
2012;Kasutaja;Airi.pennert;Neuroteadus;
2012;Kasutaja;AnneliAasamets;Fruktooligosahhariid;
2012;Kasutaja;Annikasakk;Pärmseen;
2012;Kasutaja;Artjom;Mikropartiklid;
2012;Kasutaja;Ayra;Bioinvasioon;
2012;Kasutaja;Eliisa36;Kolmvarvas-rähn;
2012;Kasutaja;Gerly.p;Mutsiin;
2012;Kasutaja;Heleryharend;Mükoriisa;
2012;Kasutaja;I10l04;laminiinid;
2012;Kasutaja;Johannap;harilik kopsusamblik;
2012;Kasutaja;Johannap;harilik laanik;
2012;Kasutaja;KTomasson;Koibikulised;
2012;Kasutaja;Kadrit;Valgusüntees prokarüootidel;
2012;Kasutaja;Karb;Hõlmikpuu;
2012;Kasutaja;Kasto;Titaan;
2012;Kasutaja;Katikuld;Integron;
2012;Kasutaja;KatrinKa;Päevaliblikad;
2012;Kasutaja;KerlyN;Rakutuum;
2012;Kasutaja;KerttuS;Mudelorganism;
2012;Kasutaja;Kristiinahommik;Refuugium;
2012;Kasutaja;Kristisonn;Golgi kompleks;
2012;Kasutaja;Lauraliivamagi789;Endotsütoos;
2012;Kasutaja;Lehtisaag;Kaukaasia rahvad;
2012;Kasutaja;MGimbutas;Kohasus;
2012;Kasutaja;Malind;Karotenoidid;
2012;Kasutaja;Maret;Linnupesa;
2012;Kasutaja;Marge-a113;Pseudomonas aeruginosa;
2012;Kasutaja;Marget Metsla;Mereselgrootud;
2012;Kasutaja;Maripent;Panter-kärbseseen;
2012;Kasutaja;Martakl;Mullahingamine;
2012;Kasutaja;Martinkala;DNA metüleerimine;
2012;Kasutaja;Mitt;Pagaripärmi adhesiinid;
2012;Kasutaja;Mostom1;Rohe-vesihobu;
2012;Kasutaja;Muscardinius;Kuldsamblik;
2012;Kasutaja;Mäe Aile;Rääbis;
2012;Kasutaja;PaulaPaulini;Alpi võipätakas;
2012;Kasutaja;PaulaPaulini;Harilik võipätakas;
2012;Kasutaja;Päevalill;Merisiig;
2012;Kasutaja;Teeletuul;Harilik kärnkonn;
2012;Kasutaja;Tkuura;X-kromosoom;
2012;Kasutaja;TriinuK;Bengali tiiger;
2012;Kasutaja;Tuuli91;Endoplasmaatiline retiikulum;
2012;Kasutaja;Wolframin;Hipokampus;
2012;Kasutaja;Annika Pille;Ramani hajumine;
2012;Kasutaja;Antonyym;N-V tsentrid teemandis;
2012;Kasutaja;Anusaarva;Fotoefekt;
2012;Kasutaja;Askella;Hamiltoni formalism;
2012;Kasutaja;Copsi;osakestefüüsika standardmudel;
2012;Kasutaja;Copsi;t-kvark;
2012;Kasutaja;Elevoll;Dielektrik-barjäärlahendus;
2012;Kasutaja;HNulk;Delaunay Triangulatsioon;
2012;Kasutaja;Joonasjame;Oklo georeaktor;
2012;Kasutaja;Joonasjame;Plasmonid;
2012;Kasutaja;Jostikas;Memristiivsus;
2012;Kasutaja;Jostikas;Memristor;
2012;Kasutaja;Laigna;tuumkütus;
2012;Kasutaja;Maritp;Spektroskoopia;
2012;Kasutaja;Mspuu;Foucault' pendel;
2012;Kasutaja;Nohka;Nanoosake;
2012;Kasutaja;Quibik;Tehisavaradar;
2012;Kasutaja;Raunc;Skaneeriv optiline lähiväljamikroskoop;
2012;Kasutaja;Renevo;Spektroskoopilised kaksiktähed;
2012;Kasutaja;Robert Valner;Optiline positsiooniandur;
2012;Kasutaja;Rolandmatt;Kummituskuva;
2012;Kasutaja;SanderLints;Tuul;
2012;Kasutaja;Sanderko;Fourier' rida;
2012;Kasutaja;Sanderko;Fourier' teisendus;
2012;Kasutaja;Sandhra91;Difraktsioon;
2012;Kasutaja;Saucysoo;Ülijuhtivus;
2012;Kasutaja;Sises;Elektromagnetiline kiirgus;
2012;Kasutaja;TimoTolmusk;Magneetikud;
2012;Kasutaja;Tuulemall;Passiivmaja;
2012;Kasutaja;Vanarahu;Derecho;
2012;Kasutaja;Virtuaalnihe;Satelliidi testimine;
2012;Kasutaja;Annaliisalo;C57BL;6
2012;Kasutaja;Ants388;Helikaas;
2012;Kasutaja;Aveav;Embrüogenees;
2012;Kasutaja;B05268;Heteroplasmia;
2012;Kasutaja;Beritk;Polüskleroos;
2012;Kasutaja;Bloksy;cdh13;
2012;Kasutaja;Carmenp;Hepatiidi C viirus;
2012;Kasutaja;Carolin;Western blot;
2012;Kasutaja;Carolinruv;Arengubioloogia;
2012;Kasutaja;Claara456;Telomeer;
2012;Kasutaja;Editor timo;Ülegenoomne assotsiatsiooniuuring;
2012;Kasutaja;Egertl;homoloogiline rekombinatsioon;
2012;Kasutaja;EnelyO;Operon;
2012;Kasutaja;Gealusk;Translatsioon;
2012;Kasutaja;Grotesque Polar-bear;Gramnegatiivsed bakterid;
2012;Kasutaja;Grotesque Polar-bear;Grampositiivsed bakterid;
2012;Kasutaja;Harnessy;Kubemesong;
2012;Kasutaja;Helenher;AHR;
2012;Kasutaja;Heleri1605;Vaktsiinia viirus;
2012;Kasutaja;Jmoro;Kronotüüp;
2012;Kasutaja;Juksar;Ekstratsellulaarne maatriks;
2012;Kasutaja;Kadil6hmussaar;Wnt signaalirada;
2012;Kasutaja;KaidiKr;Mitokonder;
2012;Kasutaja;Karl Annusver;Statiinid;
2012;Kasutaja;Karolinanoor;Glioblastoom;
2012;Kasutaja;Kasutajanimipuudub;Beetalaktaamsed antibiootikumid;
2012;Kasutaja;Katihensen;RNA-viirused;
2012;Kasutaja;Katinrv;Valgusüntees;
2012;Kasutaja;Kj19;Dna kloneerimine;
2012;Kasutaja;Koduu;sekveneerimine;
2012;Kasutaja;KristRe;Kromatiin;
2012;Kasutaja;Liis991;Geelelektroforees;
2012;Kasutaja;Liislaa;Oksüdatiivne stress;
2012;Kasutaja;Lilian Ventsel;Haplotüüp;
2012;Kasutaja;Lilian Ventsel;Nganasaanid;
2012;Kasutaja;Loora2;HeLa rakuliin;
2012;Kasutaja;Maarjalepamets;Ribosoom;
2012;Kasutaja;Manjunja;Levaan;
2012;Kasutaja;Mannu006;LGR valgud;
2012;Kasutaja;Maria23;Plasmiid;
2012;Kasutaja;Marihihii;Gastrulatsioon;
2012;Kasutaja;Marinsulo; RNA degradatsioon;
2012;Kasutaja;Mauri;Valgusreaktsioonid;
2012;Kasutaja;Mihkelrd;Tsükliin-sõltuvad kinaasid;
2012;Kasutaja;Mpalover;Taimepatogeenid;
2012;Kasutaja;Mrja;Haplogrupp R1a;
2012;Kasutaja;Mvaartnou;Nukleosoom;
2012;Kasutaja;Nastjaa;Saccharomyces cerevisiae;
2012;Kasutaja;No.roads.left;Korduv raseduse katkemine;
2012;Kasutaja;Rainhi;Splaissimine;
2012;Kasutaja;Roman.sõtğov;histoonid;
2012;Kasutaja;Shavain;Populatsioonigeneetika;
2012;Kasutaja;Siim.uhtjarv;Vesiikul(bioloogia);
2012;Kasutaja;Teemenii;Kasvaja tüvirakud;
2012;Kasutaja;TriinVari;Genoomika;
2012;Kasutaja;Triinc7;Pre-eklampsia;
2012;Kasutaja;Triinta;Evolutsiooniõpetus;
2012;Kasutaja;V6rukael;Levaansukraas;
2012;Kasutaja;Alanall;Vastseliina vald;
2012;Kasutaja;Annisi;Statsionaarne kiiruskaamera;
2012;Kasutaja;Artalver;Majandusgeograafia;
2012;Kasutaja;Gmoor;tarastatud elamurajoon (gated community);
2012;Kasutaja;Janeve;Inimgeograafia;
2012;Kasutaja;Jurgenal;Loodusgeograafia;
2012;Kasutaja;Kaljukra;Segregatsioon;
2012;Kasutaja;Keits77;Visualiseerimine;
2012;Kasutaja;Koljat;Mullateadus;
2012;Kasutaja;LauraJ;Transpordigeograafia;
2012;Kasutaja;LauriLeinus;Demograafia;
2012;Kasutaja;Marten;Digitaalne peegelkaamera;
2012;Kasutaja;Mihu;Päästetööd;
2012;Kasutaja;Mirjampohjala;Pendelränne;
2012;Kasutaja;Mltilk;Nõo oja;
2012;Kasutaja;Mmahlapuu;Geovisualiseerimine;
2012;Kasutaja;Mrandmae;Ruumiandmed;
2012;Kasutaja;Rinka;Kehtna vald;
2012;Kasutaja;Robertpirk;Pank;
2012;Kasutaja;Tiinalind;animeeritud kaardid;
2012;Kasutaja;Viktoriajan;Ökoloogiline jalajälg;
2012;Kasutaja;Villemv;Interferomeetriline tehisavaradar;
2012;Kasutaja;B04995;Proterosoikum;
2012;Kasutaja;Drowsy;Ordoviitsiumi lõpu väljasuremine;
2012;Kasutaja;E7gA;Paleosoikum;
2012;Kasutaja;Edgar Prass;Eesti geoloogiline ehitus;
2012;Kasutaja;Laurisiitam;Põlevkivituhk;
2012;Kasutaja;Mariadm;Seismilised lained;
2012;Kasutaja;Morten6;Geopolümeer;
2012;Kasutaja;Sid;Kondriitmeteoriit;
2012;Kasutaja;A92549;Een reaktsioon;
2012;Kasutaja;Alarh;Tahkeoksiidne kütuseelement;
2012;Kasutaja;Aruallaura;Adenosiintrifosfaat;
2012;Kasutaja;B05242;Molekulaarorbitaalide teooria;
2012;Kasutaja;Elektrofiil;Gaaskromatograafia detektorid;
2012;Kasutaja;Hkaju;Proteiinkinaas;
2012;Kasutaja;IndrekV;Epoksiid;
2012;Kasutaja;JelizavetaJelly;Põlevkivigaas;
2012;Kasutaja;Juulin;G-valgud;
2012;Kasutaja;K2tlinK;Histamiin;
2012;Kasutaja;Kaijake;Rasvhapped;
2012;Kasutaja;Kaisamihklepp;strontsium;
2012;Kasutaja;Kaur625;Ütrium;
2012;Kasutaja;Kerdak;d-elemendid;
2012;Kasutaja;Kix92;Hüdrasiin;
2012;Kasutaja;Korjus;Prootonjuhtoksiidid;
2012;Kasutaja;Kristiina 9;Polümeerid;
2012;Kasutaja;Laanekoll;Pöörlev ketaselektrood;
2012;Kasutaja;Laanekoll;Pöörlev rõngas-ketas elektrood;
2012;Kasutaja;Liislaum;Süsinikkiud;
2012;Kasutaja;MVaalma;Hüdrolüüs;
2012;Kasutaja;Martin Maide;Pihustuspürolüüs;
2012;Kasutaja;Merkur;Furfurool;
2012;Kasutaja;Mihkelsirel;aromaatsus;
2012;Kasutaja;Naat;AAS;
2012;Kasutaja;Neogto;Payne'i ümberasendus;
2012;Kasutaja;Piiaburk;Kampol;
2012;Kasutaja;Pp0ta187;lahustuvus;
2012;Kasutaja;Ragle;Galvaanielement;
2012;Kasutaja;Rauno351;Korrosioon;
2012;Kasutaja;Rgrunerr;Glütserool;
2012;Kasutaja;Ronaldv2li;Hiiglaslik magnettakistus;
2012;Kasutaja;Ronaldv2li;Magnettakistus;
2012;Kasutaja;SanderPihelgas;Restriktaas;
2012;Kasutaja;Sigridse;polümeerkiled;
2012;Kasutaja;Ssoloveys;Grignardi reaktsioon;
2012;Kasutaja;Stellabio;CK2;
2012;Kasutaja;Terep12;Elektrolüüs;
2012;Kasutaja;Xrayecho;Rho-sõltuv proteiinkinaas;
2012;Kasutaja;Alari91;Torma Prügila;
2012;Kasutaja;Andra.a;Energiatõhusus;
2012;Kasutaja;Anni1406;polütsüklilised aromaatsed süsivesinikud;
2012;Kasutaja;Arturkiri;Haljaskatus;
2012;Kasutaja;Ave.sikk;Eesti põlevkivitööstus;
2012;Kasutaja;Bartholomeo0;Darcy seadus;
2012;Kasutaja;Kadrid;Loode-tüüpi tehismärgala;
2012;Kasutaja;Kertkeller;jäätmekütus;
2012;Kasutaja;KevAmb;Jääksoode tüübid ja arengusuunad;
2012;Kasutaja;Kikukas;fosforiringe;
2012;Kasutaja;Kriku123;BiokilereaktorKristjanStroom;
2012;Kasutaja;Lauralougas;Gravitatsiooniväli;
2012;Kasutaja;Lauralougas;WorldView-2;
2012;Kasutaja;Mandelmee;biogaas;
2012;Kasutaja;Martinmall;Tuuleenergia;
2012;Kasutaja;Militissa;;
2012;Kasutaja;Pihlap.evelin;mulla orgaaniline aine;
2012;Kasutaja;Raimondvaller;Aktiivmudaprotsess;
2012;Kasutaja;RiinRiiberg;Viru raba;
2012;Kasutaja;TomKat;Troofilised interaktsioonid;
2012;Kasutaja;Virsik;Bioreaktor;
2012;Kasutaja;Andreas.nolvak;Mikrovedelik-tehnoloogia;
2012;Kasutaja;B7vahur;Klaasjas süsinik;
2012;Kasutaja;Estertee;Karbiidset päritolu süsinik;
2012;Kasutaja;Hamburg;Ioonsed elektroaktiivsed polümeerid;
2012;Kasutaja;IngridV1;Elektroformeerimine;
2012;Kasutaja;Kristjan.Kiolein;Kuld;
2012;Kasutaja;Laast;Termoluminestsents;
2012;Kasutaja;Laast;Tsirkooniumdioksiid;
2012;Kasutaja;Liisnur;Sool-geel meetod;
2012;Kasutaja;Magnusmets;Tuum-kest-struktuuriga pooljuhtnanokristallid;
2012;Kasutaja;Mati.kook;gallium-arseniid;
2012;Kasutaja;Pauljaakson;Kapillaarnähtused;
2012;Kasutaja;Sjoemetsa;Monte Carlo meetod;
2012;Kasutaja;Tibukuningas;Märgumine;
2012;Kasutaja;Tpaara;Optika;
2012;Kasutaja;Greeteho;Pähklinäpp;
2012;Kasutaja;Ingridt;Maculinea;
2012;Kasutaja;Irpet;Leptodora;
2012;Kasutaja;Kellukas;Kirpvähilised;
2012;Kasutaja;KristinaM;Servik;
2012;Kasutaja;Muscardinius;hall kuldsamblik;
2012;Kasutaja;Nancytarum;Must-kärbsenäpp;
2012;Kasutaja;P0ku;Sinised koridorid;
2012;Kasutaja;Peeter Reiss;Beeta-mitmekesisus;
2012;Kasutaja;Ökopille;Üheksavägine;
2012;Kasutaja;Önett;Mets;
2013;Kasutaja;Aayal;Pilditöötlus;
2013;Kasutaja;Ahti.laurisson;ASIC;
2013;Kasutaja;Ajaaniste;Tarkvaraarendus Androidil;
2013;Kasutaja;Andresmihkelson;Robootika Kodulabor;
2013;Kasutaja;Gr.dmitri;Biomeditsiinitehnika;
2013;Kasutaja;Hynt;Laseri kasutusalad;
2013;Kasutaja;Igor vassilevski;Südamestimulaator;
2013;Kasutaja;KKahu;LabVIEW;
2013;Kasutaja;Kpjatkin;Silmaiirisepõhine identifitseerimine;
2013;Kasutaja;LBannikov;Automaatika;
2013;Kasutaja;MartW;Juhtmevaba toitega täitur;
2013;Kasutaja;Mkülvik;Controller Area Network;
2013;Kasutaja;Niisiis;Humanoidrobot;
2013;Kasutaja;Raido.Uudel;Pehme robootika;
2013;Kasutaja;Sander92;Liitreaalsusega prillid;
2013;Kasutaja;Taavikar;Lego Mindstorms EV3;
2013;Kasutaja;Umuser;Java aplett;
2013;Kasutaja;Zeymad;Python(programmeerimiskeel );
2013;Kasutaja;AKalnapenkis;Kleine'i-Levini sündroom;
2013;Kasutaja;APärnalaas;Homo erectus;
2013;Kasutaja;An.Vaan;Varjevärvus;
2013;Kasutaja;Anrebane;Jäseme areng;
2013;Kasutaja;Aronurkse;merebioloogia;
2013;Kasutaja;Ataliw;Kinoloonid;
2013;Kasutaja;DHendrikson;B-lümfotsüüt;
2013;Kasutaja;EKirk;Samblikud;
2013;Kasutaja;Gsoovali;Mükotoksiinid;
2013;Kasutaja;HIngelman;Ribosomaalne RNA;
2013;Kasutaja;HKõpp;Intron;
2013;Kasutaja;Heilianni;mRNA;
2013;Kasutaja;KEts;Turb;
2013;Kasutaja;KPapp;sookask;
2013;Kasutaja;KTeearu;Amenorröa;
2013;Kasutaja;Kaarel~etwiki;Horisontaalne geeniülekanne;
2013;Kasutaja;Ki.Karis;Suurajukoor;
2013;Kasutaja;Klyll;Polütsüstiliste munasarjade sündroom (PCOS);
2013;Kasutaja;Kmardo;Eksopolüsahhariidid;
2013;Kasutaja;Krrahupõld;Aminohapped;
2013;Kasutaja;Ksuur;Õhulõhe;
2013;Kasutaja;Ktammiste;Stereotüüpia;
2013;Kasutaja;LKaasik;Ökoloogia;
2013;Kasutaja;Lmtamm;Biokile;
2013;Kasutaja;MRikka;Helviksammaltaimed;
2013;Kasutaja;Mlippus;Multitolerantsus;
2013;Kasutaja;Mteppor;Chikungunya viirus;
2013;Kasutaja;Pjaksi;Õõtsik;
2013;Kasutaja;R kaiv;Oksüdatiivne fosforüülimine;
2013;Kasutaja;Rpihlak;Hübriidhaab;
2013;Kasutaja;TTrautmann;Plankton;
2013;Kasutaja;T koppel;Vaher (perekond);
2013;Kasutaja;TaoisticBeer;Taimemorfoloogia;
2013;Kasutaja;Ustina.pynova;Vähi biomarkerid;
2013;Kasutaja;ANZI;Pii;
2013;Kasutaja;Antsr;Ülilühike impulss;
2013;Kasutaja;Dragev13;Jalgratta võimsuse mõõtja;
2013;Kasutaja;ELuht;Levi-Civita sümbol;
2013;Kasutaja;Eimre;Termoemissioon;
2013;Kasutaja;Georgi Majas;Tuumafüüsika;
2013;Kasutaja;H.Ehrpais;Kosmoseprügi;
2013;Kasutaja;JoosepMichelis;Röntgentoru;
2013;Kasutaja;K.Ehatäht;Lõplike elementide meetod;
2013;Kasutaja;LauringH;Laser-indutseeritud plasma spektroskoopia;
2013;Kasutaja;MOllikainen;Reaktiivne molekulaardünaamika;
2013;Kasutaja;MPoldemaa;Elektriväli;
2013;Kasutaja;MTamm1;Kalibreerimine;
2013;Kasutaja;RRaabe;RC filtrid;
2013;Kasutaja;Rmatjus;Tähtede spektriklassid;
2013;Kasutaja;Silerkey;Mie hajumine;
2013;Kasutaja;Svnrkmndm;Ioonne vedelik;
2013;Kasutaja;Ükivila;Beta Lyrae tüüpi kaksiktäht;
2013;Kasutaja;Ükivila;Lüüra beeta;
2013;Kasutaja;AngeLina;Külmağokivalgud;
2013;Kasutaja;Asalumets;Glutamaat neurotransmitterina;
2013;Kasutaja;Atähiste;Framinghami riskiskoor;
2013;Kasutaja;Atähiste;Kardiovaskulaarsed haigused;
2013;Kasutaja;Erkkikull;I tüüpi diabeet;
2013;Kasutaja;EthelT;Emakakaelavähk;
2013;Kasutaja;Flättekivi;Pehmete kudede sarkoomid;
2013;Kasutaja;Fraktaal;Mitokondriaalne hingamisahel;
2013;Kasutaja;Hanrein;Narkolepsia;
2013;Kasutaja;Hguske;Naatriumpump;
2013;Kasutaja;Hproosa;Äge kiiritusmürgitus;
2013;Kasutaja;Jbokajeva;Embrüo;
2013;Kasutaja;Jelmik;Transposoonmutagenees;
2013;Kasutaja;KReispass;Hüpotermia;
2013;Kasutaja;K eigi;tüvirakud;
2013;Kasutaja;Katlina;Vitiliigo;
2013;Kasutaja;Khein26;Kloonimine;
2013;Kasutaja;Konemar;Sidekude;
2013;Kasutaja;Kpaas22;Geenitehnoloogia;
2013;Kasutaja;Ktoppi;Sekretsioon;
2013;Kasutaja;LTarve;Chikungunya viirus;
2013;Kasutaja;Lanastassia;Alkaani hüdroksülaasid;
2013;Kasutaja;Lpavlova;Atsüülkarnitiinid;
2013;Kasutaja;MPiirsalu;Neurogenees;
2013;Kasutaja;MPilme;Mikrobioom;
2013;Kasutaja;MSaare;Hemofiilia;
2013;Kasutaja;M ehrlich;TRPM8;
2013;Kasutaja;Mtarrend;Sarkopeenia;
2013;Kasutaja;Natalja Garb;rRNA modifikatsioonid;
2013;Kasutaja;Pivanov;Risosfäär;
2013;Kasutaja;RRokk;Aneuploidsus;
2013;Kasutaja;R viikoja;Tsellulaasid;
2013;Kasutaja;RikkA;Geneetiliselt muundatud hiir;
2013;Kasutaja;SJänes;Hüpogonadism;
2013;Kasutaja;SandrakPS;Nälgimine;
2013;Kasutaja;Shausenberg;rRNA transkriptsiooni regulatsioon Escherichia colis;
2013;Kasutaja;TJLill;Proteiinkinaas MSK1;
2013;Kasutaja;TTruu;RNA;
2013;Kasutaja;Tedula;Inimese Genoomi Projekt;
2013;Kasutaja;Tpoder;Semliki Forest viirus;
2013;Kasutaja;Tvallimae;BRCA1;
2013;Kasutaja arutelu;Hproosa;Äge kiiritusmürgitus;
2013;Kasutaja;ATärk;Hiiumaa majandus;
2013;Kasutaja;Ahärm;Digitaalne kõrgusmudel;
2013;Kasutaja;Alull;Siseränne Eestis;
2013;Kasutaja;AĞtğeglakov;Liiklusõnnetus;
2013;Kasutaja;Bviru;Vegetatsiooniperiood;
2013;Kasutaja;JHüdsi;Õhuniiskus;
2013;Kasutaja;KKoppel;Viiulite dendrokronoloogiline dateerimine;
2013;Kasutaja;KaitiV;Kehaline aktiivsus;
2013;Kasutaja;Khõbenurm;Autovaba liikumine;
2013;Kasutaja;Kkiiver;Soode tekkimine;
2013;Kasutaja;Kkõluvere;Immigratsioon;
2013;Kasutaja;Kmahla;Merejää;
2013;Kasutaja;Kuiboupin;Leppemärgid (kartograafia);
2013;Kasutaja;LauriLeinus;Rahvastikukäitumise mõju sissetulekule;
2013;Kasutaja;Leiber;Front;
2013;Kasutaja;LiVals;Inimtegevuse mõju Eesti soodele;
2013;Kasutaja;Lkirspuu;Kujutluskaart;
2013;Kasutaja;Lmetsatalu;Demograafiline üleminek;
2013;Kasutaja;MKõue;Eesti regionaalne areng;
2013;Kasutaja;MLaidla;Massibilanss (glatsioloogia);
2013;Kasutaja;Marten;Digitaalne peegelkaamera;
2013;Kasutaja;Mkylvik;Kompass;
2013;Kasutaja;Molvet;Orienteerumiskaart;
2013;Kasutaja;Mviik;Turism;
2013;Kasutaja;O.Rybkina;ArcGIS;
2013;Kasutaja;Okoik;Eesti asustus;
2013;Kasutaja;Plepind;Rahvusvähemus;
2013;Kasutaja;Rnoupuu;Mullamorfoloogia;
2013;Kasutaja;Rtooming;Mustvee linn;
2013;Kasutaja;T.rebane;Valglinnastumine;
2013;Kasutaja;Tpipar;PostGIS;
2013;Kasutaja;Jkortsmann;Haughtoni kraater;
2013;Kasutaja;K.Tamm;Kärdla kraater;
2013;Kasutaja;KLumiste;Silur;
2013;Kasutaja;Liina02;Kaltsedoni erimid;
2013;Kasutaja;MKulaviir;Kaltsium;
2013;Kasutaja;PPaaver;Alumiinium;
2013;Kasutaja;RH Helde;Saturn;
2013;Kasutaja;RHantson;Sulfiidsed mineraalid;
2013;Kasutaja;Rriispere;Asbest;
2013;Kasutaja;Stellaots;Karotaaş;
2013;Kasutaja;Stsarjov;Wolfe Creeki meteoriidikraater;
2013;Kasutaja;TJairus;Delta;
2013;Kasutaja;TPaiste;Karst;
2013;Kasutaja;TavoAni;Georadar;
2013;Kasutaja;Tuuling;Psammosteiidid;
2013;Kasutaja;ANahkur;Ioonvedelikud;
2013;Kasutaja;AnLille;Melaniin;
2013;Kasutaja;Atobi;Streptavidiin;
2013;Kasutaja;E.peterson;Beetalaktaam;
2013;Kasutaja;Elibek;vedelikkromatograafia-massispektromeetria;
2013;Kasutaja;Epaenurk;Keskkonna happelisus;
2013;Kasutaja;Esiitas;Aminoglükosiidid;
2013;Kasutaja;EteriL;Voogsisestusanalüüs;
2013;Kasutaja;Fkukk;Gibbsi vabaenergia;
2013;Kasutaja;IRahu;Metallorgaanilised ühendid;
2013;Kasutaja;JHeiter;Mikrolainekeemia;
2013;Kasutaja;KNuija;Kloor;
2013;Kasutaja;Kkytt;Nitriilid;
2013;Kasutaja;Kriskund;Kaoliniit;
2013;Kasutaja;LSalvan;Elektriline kaksikkiht;
2013;Kasutaja;M.Pulk;Bisubstraatsed proteiinkinaaside inhibiitorid;
2013;Kasutaja;MMuruvee;Nukleotiidid;
2013;Kasutaja;MUgandi;Suzuki reaktsioon;
2013;Kasutaja;Mjürgenson;Etaanhape;
2013;Kasutaja;Mjürgenson;Säilitusaine;
2013;Kasutaja;Naat;AAS;
2013;Kasutaja;PPeets;Vill;
2013;Kasutaja;R.elp;ligeerimine;
2013;Kasutaja;R ansper;Valentssidemete teooria;
2013;Kasutaja;Silverabel;Benseen;
2013;Kasutaja;Sinihiir;Mõõtenõud;
2013;Kasutaja;TTiirats;Pikriinhape;
2013;Kasutaja;Tluik;G-valguga seotud retseptor;
2013;Kasutaja;AHints;Ühistransport;
2013;Kasutaja;AKõõra;Turist;
2013;Kasutaja;Ave.sikk;Põlevkivituha keskkonnamõjud;
2013;Kasutaja;ESild;Herefordi veis;
2013;Kasutaja;Gtammemagi;Õhusaastus;
2013;Kasutaja;HLicht;Jäätmete sorteerimine;
2013;Kasutaja;HLind;Valglinnastumine;
2013;Kasutaja;HLippur;Põder;
2013;Kasutaja;Hhsoe;Roheline raamatupidamine;
2013;Kasutaja;Jekaterina;põõsalindlased;
2013;Kasutaja;K.Seevri;Põhjavee seire;
2013;Kasutaja;KSpielberg;Taaskasutus;
2013;Kasutaja;K saare;Tehismärgalade klassifikatsioon;
2013;Kasutaja;Kaun;Punane panda;
2013;Kasutaja;Kkerve;Prügila;
2013;Kasutaja;Kkurjama;Fosfor;
2013;Kasutaja;Külper;Metssiga;
2013;Kasutaja;M.sell;Raskmetallid;
2013;Kasutaja;M.sepp;Lämmastiksaaste;
2013;Kasutaja;MKanarbik;Ökoturism;
2013;Kasutaja;MKangor;Erosioon;
2013;Kasutaja;MMutli;antibiootikumid veekeskkonnas;
2013;Kasutaja;Mkraun;Muraka soostik;
2013;Kasutaja;Mkraun;Raba;
2013;Kasutaja;Mleier;Kiirguskaitse;
2013;Kasutaja;Mraudkivi;lämmastik;
2013;Kasutaja;O-KKalm;Varfariin;
2013;Kasutaja;RaunoL;Reoveepuhastus;
2013;Kasutaja;SiiriRist;Linnasprint;
2013;Kasutaja;SiiriRist;märkesüsteem;
2013;Kasutaja;Spiir1;Lendtuhk;
2013;Kasutaja;Sreinla;Turvas;
2013;Kasutaja;Ssellik;Taastuv energiaressurss;
2013;Kasutaja;A.E.Enok; Nanoosakeste süntees;
2013;Kasutaja;ANikolajev;Grafeen;
2013;Kasutaja;Czahkna;Kemosorptsioon;
2013;Kasutaja;Dilan069;Mass-spektroskoopia;
2013;Kasutaja;Maarjapohl;Karbiid;
2013;Kasutaja;Mkooga;Lantaan-strontsium-koobalt-oksiid;
2013;Kasutaja;Mneitsov; Anodeerimine;
2013;Kasutaja;Peep.uudekull;Hõbe;
2013;Kasutaja;ASuviste;Ümarmudil;
2013;Kasutaja;Akuusmik;Samblikud;
2013;Kasutaja;Astritkarro;Aasnelk;
2013;Kasutaja;Bpurga;Põhja-nahkhiir;
2013;Kasutaja;CKastein;Mudakrabi;
2013;Kasutaja;HEinberg;Kilpsamblik;
2013;Kasutaja;Hyrr;Tõmmu külmaseen;
2013;Kasutaja;Kkangro;Käpalised;
2013;Kasutaja;Kpohla;Kaksikhammas;
2013;Kasutaja;Ksusi;Lendorav;
2013;Kasutaja;Lrebase;Hallhüljes;
2013;Kasutaja;Marksandra;Kõrvsamblik;
2013;Kasutaja;Marksandra;pits-kõrvsamblik;
2013;Kasutaja;Mleinberg;Valgejänes;
2013;Kasutaja;SilviaKu;Suursamblikud;
2014;Kasutaja;AHüüp;Symbian;
2014;Kasutaja;AMartoja;AMD APU;
2014;Kasutaja;Akustav;Miniatuursatelliit;
2014;Kasutaja;Jurgen.Lorenz;Ampermeeter;
2014;Kasutaja;KKKokk;DCF77;
2014;Kasutaja;Karlindrek;jootmine;
2014;Kasutaja;Karutjunov;Ostsilloskoop;
2014;Kasutaja;Kolibakter;Elektrooniline koormusseade;
2014;Kasutaja;MAppo;Analoog-digitaalmuundur;
2014;Kasutaja;Mindthecap;Hyper-V;
2014;Kasutaja;Mpoder;Nihkeregister;
2014;Kasutaja;Mrtnjohanson;Töölaua virtualiseerimine;
2014;Kasutaja;Osellis;Jootekolb;
2014;Kasutaja;Prants7;Täitur;
2014;Kasutaja;Rkeerdo;Aldebaran Nao;
2014;Kasutaja;SOSalumaa;Atmel;
2014;Kasutaja;Sandero;Mehitamata maismaasõiduk (UGV);
2014;Kasutaja;Siimar;Pascal;
2014;Kasutaja;Tkalling;Linkandmed;
2014;Kasutaja;Türk;Täiustatud krüpteerimisstandard;
2014;Kasutaja;Vvisbek;Meiliklient;
2014;Kasutaja;Zidik;Boost muundur;
2014;Kasutaja;Zimzu;LCR meeter;
2014;Kasutaja;ALillemaa;In situ hübridisatsioon;
2014;Kasutaja;AVellerind;Baribal;
2014;Kasutaja;Adräbtsinski;Soobel;
2014;Kasutaja;Akivihall;Lutsiferaas;
2014;Kasutaja;Anuainsaar;Võsavaksik;
2014;Kasutaja;DMoistus;Taimede kaitsemehhanismid;
2014;Kasutaja;EPrangel;Funktsionaalne elurikkus;
2014;Kasutaja;Fvalgepea;Tülakoid;
2014;Kasutaja;GKuum;Geneetiline häire;
2014;Kasutaja;Gperens;Tume elurikkus;
2014;Kasutaja;Griimaa;Acne vulgaris;
2014;Kasutaja;HToming;RNA korrektuur;
2014;Kasutaja;Hvellama;Loomkatse;
2014;Kasutaja;Jheinma;Hemolümf;
2014;Kasutaja;Jvihalemm;Bifidobakter;
2014;Kasutaja;KMetsla;Fruktooligosahhariidide puhastamine;
2014;Kasutaja;Kkrigul;Endometrioos;
2014;Kasutaja;Klindsaar;Krohmseened;
2014;Kasutaja;Krikas;Toksiini-antitoksiini süsteemid;
2014;Kasutaja;Kseppa;IgLON valguperekond;
2014;Kasutaja;LiisMägi;Endomeetriumi retseptiivsus;
2014;Kasutaja;Lrüütel;Abstsiishape;
2014;Kasutaja;M.kade;mtDNA rekombinatsioon;
2014;Kasutaja;MPoska;Rohetaristu;
2014;Kasutaja;MirTamme;Elektroporatsioon;
2014;Kasutaja;Mkarakai;Sepsis;
2014;Kasutaja;Mlsuld;Nukleaas;
2014;Kasutaja;Mmõttus;Huntingtoni tõbi;
2014;Kasutaja;Mrannap;RNA maailma hüpotees;
2014;Kasutaja;PVolonkin;50S alamühik;
2014;Kasutaja;Phurt;Neuraalhari;
2014;Kasutaja;RMuzotsin;Kaaon;
2014;Kasutaja;ReAnmann;Komplemendi süsteem;
2014;Kasutaja;Rgielen;Beauveria bassiana;
2014;Kasutaja;Rsubi;Tuumori sfäärid;
2014;Kasutaja;SKangruoja;Epigeneetika;
2014;Kasutaja;Sjenk;Rahvusvaheline HapMap Projekt;
2014;Kasutaja;ToomingM;DNA mikrokiiptehnoloogia;
2014;Kasutaja;ValerijaAndrjustsenko;Paramutatsioon;
2014;Kasutaja;AHSaarso;Loomulik ventilatsioon;
2014;Kasutaja;AKurvet;Oculus Rift;
2014;Kasutaja;ARobam;Sagedusmodulatsioon;
2014;Kasutaja;Areiu;Koherentsus;
2014;Kasutaja;EVaher;Hertzsprungi-Russelli diagramm;
2014;Kasutaja;HSaare;Elektronmikroskoop;
2014;Kasutaja;HSeemen;Kõvaduse mõõtmise viisid;
2014;Kasutaja;HTrofimov;Tühik (astronoomia);
2014;Kasutaja;Hrastas;Hüdroloogia;
2014;Kasutaja;Jrepän;Footonkristallist optiline kiud;
2014;Kasutaja;Jveiderpass;Anemomeeter;
2014;Kasutaja;KKaldvee;Fluorestsents-spektroskoopia;
2014;Kasutaja;KVerro;Noova;
2014;Kasutaja;Kkuppart;tihedusfunktsionaali teooria;
2014;Kasutaja;MMNurges;Kosmoloogiline konstant;
2014;Kasutaja;MMust1;Kõrgtemperatuurne ülijuhtivus;
2014;Kasutaja;Mhorn11;Etümoloogia;
2014;Kasutaja;Mliivak;Päikeseenergia;
2014;Kasutaja;Mloide;Goldstone'i boson;
2014;Kasutaja;Mltreimann;Termokliin;
2014;Kasutaja;Mtamme;Nanofiibrid;
2014;Kasutaja;PKoemets;Ioonloendurid;
2014;Kasutaja;Skuuse;Mammograafia;
2014;Kasutaja;Tkiis;Van der Waalsi jõud;
2014;Kasutaja;Ahimma;Koopiaarvu variatsioonid;
2014;Kasutaja;Bmarjak;Pseudouridiini süntaas RluD;
2014;Kasutaja;Dğapoval;SHBG;
2014;Kasutaja;Empeets;siRNA;
2014;Kasutaja;IMetsik;TOL-plasmiid;
2014;Kasutaja;Janneaule;Mitteinvasiivne sünnieelne diagnostika;
2014;Kasutaja;KAasumets;Tupe mikrofloora;
2014;Kasutaja;KKKoppel;Replikatsioonikahvli transkriptsioonifaktor Fkh1;
2014;Kasutaja;Kadripajo;Neuraalne raku adhesioonimolekul;
2014;Kasutaja;Kezzu13;Kopsuvähk;
2014;Kasutaja;Kristiinaraja;Degron;
2014;Kasutaja;Kvadi;Maksa regeneratsioon;
2014;Kasutaja;Linjarabian;Nukleotiidide väljalõikereparatsioon (NER);
2014;Kasutaja;M.Mehike;Katehhooli dioksügenaasid;
2014;Kasutaja;MikkTooming;Dupuytreni kontraktuur;
2014;Kasutaja;Mjaama;Tiopuriinmetüültransferaas (TPMT);
2014;Kasutaja;Mvasar;Neutrofiil;
2014;Kasutaja;Rmaruste;Endospoor;
2014;Kasutaja;Rsepp;Heterogeenne katalüüs;
2014;Kasutaja;RõukK;Kataboolsed plasmiidid;
2014;Kasutaja;Sluup;Kataboliitne repressioon;
2014;Kasutaja;TTrussmann;Raku potents;
2014;Kasutaja;Vpiljukov;Transkriptsioonifaktorid;
2014;Kasutaja;Ahillep;Väimela;
2014;Kasutaja;EMaekivi;Kahanevad linnad;
2014;Kasutaja;HEhrlich;Euroopa Regionaalarengu Fond;
2014;Kasutaja;Hkuusk;Tagamaa;
2014;Kasutaja;JKibin;Linnageograafia;
2014;Kasutaja;Jurgenal;Loodusgeograafia;
2014;Kasutaja;KKarus;pilvisus;
2014;Kasutaja;KTamberg;Temaatiline kaart;
2014;Kasutaja;Khuul;Karjäär (mäendus);
2014;Kasutaja;Kkeskyla;Tarbijakäitumine;
2014;Kasutaja;Lagrits;Dubai;
2014;Kasutaja;MAutt;Postmodernism;
2014;Kasutaja;Rounapuu;Franklini kadunud ekspeditsioon;
2014;Kasutaja;Rylem;Geomorfoloogia;
2014;Kasutaja;SKangur;Kanepi;
2014;Kasutaja;SPukk;Ebaseaduslik metsaraie;
2014;Kasutaja;SVaratu;Geopoliitika;
2014;Kasutaja;Stuisk;JK Tammeka;
2014;Kasutaja;HelKõre;Regoliit;
2014;Kasutaja;JPoljakova;Poolkoks;
2014;Kasutaja;Ksarv;Takistuse meetod;
2014;Kasutaja;Mtklaos;Lagerstätte;
2014;Kasutaja;RPaat;Allikalubi;
2014;Kasutaja;A.laaneleht;Füüsikaline keemia;
2014;Kasutaja;ETammekivi;Ümberkristallimine (keemia);
2014;Kasutaja;ETruska;nanotoksikoloogia;
2014;Kasutaja;EeroL;Trükivärvid;
2014;Kasutaja;GPrintsmann;beta-galaktosidaas;
2014;Kasutaja;Ggorbatovski;Skaneeriv teravikmikroskoopia;
2014;Kasutaja;Gvalgenberg;elektropihustusionisatsioon;
2014;Kasutaja;HAnnilo;Faasiülekande katalüüs;
2014;Kasutaja;Hjärvpõld;Kvantitatiivne analüüs (Kromatograafia);
2014;Kasutaja;Hkase;Pöördfaaskromatograafia;
2014;Kasutaja;J.M.Linge;Elektrokeemiline katmine;
2014;Kasutaja;JaanusBurk;Kvantitatiivne struktuur-aktiivsus sõltuvus;
2014;Kasutaja;Jjõgela;Tuumamagnetresonantsspektroskoopia;
2014;Kasutaja;JorJarve;Neuropeptiid Y;
2014;Kasutaja;K.metsar;Alkeenide metatees;
2014;Kasutaja;KKTürk;Nafion;
2014;Kasutaja;KRiisalu;Fosforestsents;
2014;Kasutaja;Kkaru;Resonants (keemia);
2014;Kasutaja;LiMatt;Isosorbiid;
2014;Kasutaja;Lpuusepp;Molekulaartehnoloogia;
2014;Kasutaja;Mart.Hakkinen;Etüülatsetaat;
2014;Kasutaja;MeritNikopensius;Afiinsuskromatograafia;
2014;Kasutaja;PEKasatkin;Polümeerelektrolüüt-kütuseelement;
2014;Kasutaja;Pselli;Katse meetod;
2014;Kasutaja;Pselli;Täpsus ja kordustäpsus;
2014;Kasutaja;Robertjarviste;1,2-dikloroetaan;
2014;Kasutaja;Rudolf Aro;Karl Fischeri tiitrimine;
2014;Kasutaja;SimonaSelberg;Skaneeriv tunnelmikroskoopia;
2014;Kasutaja;Skollom;ğellak;
2014;Kasutaja;TTähtjärv;Fluorestsentsi anisotroopia;
2014;Kasutaja;Tsormus;Valgustundlikud kaitserühmad;
2014;Kasutaja;EVahtramäe;Fenton;
2014;Kasutaja;Grindla;Reovesi;
2014;Kasutaja;HKasemets;Roheline liikumine;
2014;Kasutaja;He.soe;Metsa süsinikuringe;
2014;Kasutaja;JPaidla;Leeliselisus;
2014;Kasutaja;JSarjas;Radiolüüs;
2014;Kasutaja;Jjuurikas;Turbulentse kovariatsiooni meetod;
2014;Kasutaja;Jsikk;Keskkonnamõju hindamine;
2014;Kasutaja;KKivikas;Ajavöönd;
2014;Kasutaja;KeidiTamm;Metsaelupaigatüübid;
2014;Kasutaja;Liinatamm;Metsahoolekogu;
2014;Kasutaja;Lkivimae ;Ammoniaak;
2014;Kasutaja;Lvammus;Maapinnalähedane geotermaalenergia;
2014;Kasutaja;Mmandalu;Bioom;
2014;Kasutaja;Mselberg;Rannaniit;
2014;Kasutaja;Mvarblane;Maavarade kaevandamine Eestis;
2014;Kasutaja;PKirsimae;Maastik;
2014;Kasutaja;TRiisberg;Kaugeeslinnastumine;
2014;Kasutaja;Tsõro;Päikesekollektor;
2014;Kasutaja;Ibaranova;Polümeeride pundumine;
2014;Kasutaja;J.Koppel;Peristaltiline pump;
2014;Kasutaja;KMõisavald;Ristseosed;
2014;Kasutaja;M.Otsus;Tsirkoonium;
2014;Kasutaja;MartinViljus;halogeenalkaan;
2014;Kasutaja;Msalumäe;Aerogeel;
2014;Kasutaja;Sandrakuusik;Ioonse vedeliku puhastamine;
2014;Kasutaja;AProkofjeva;Akvaporiin;
2014;Kasutaja;Akrivoglazova;Süsihappegaasi emissioon;
2014;Kasutaja;Kdviinapuu;Hundi ja koera hübriidid;
2014;Kasutaja;LPuusalu;Rohe-kärnkonn;
2014;Kasutaja;MiLõoke;Populatsiooni struktuur;
2014;Kasutaja;Rolvet;Fülogeneetiline mitmekesisus;
2014;Kasutaja;Sapoks;Populatsioon;
